Recipe Name,Ingredients,Cuisine,Meal Type,Calories,Macros,Sides 
Chicken Biryani,"chicken (150g) (Protein), rice (100g) (Grains), yogurt (2 tbsp) (Dairy), onion (1 medium) (Vegetables), garlic (2 cloves) (Spices), ginger (1 tsp) (Spices), biryani masala (1 unit) (Grains), oil (1 tbsp) (Spices), salt (1/2 tsp) (Spices)",Pakistani,Lunch,500,"Protein: 37.5g, Carbs: 62.5g, Fat: 11.1g",Raita
Chicken Biryani,"chicken (150g) (Protein), rice (100g) (Grains), yogurt (2 tbsp) (Dairy), onion (1 medium) (Vegetables), garlic (2 cloves) (Spices), ginger (1 tsp) (Spices), biryani masala (1 unit) (Grains), oil (1 tbsp) (Spices), salt (1/2 tsp) (Spices)",Pakistani,Dinner,500,"Protein: 37.5g, Carbs: 62.5g, Fat: 11.1g",Raita
Aloo Keema,"minced meat (120g) (Protein), potato (1 medium) (Vegetables), onion (1 medium) (Vegetables), tomato (1 medium) (Vegetables), ginger (1 tsp) (Spices), garlic (2 cloves) (Spices), spice (1 tsp) (Others), oil (1 tbsp) (Spices), salt (1/2 tsp) (Spices)",Pakistani,Dinner,350,"Protein: 26.2g, Carbs: 43.8g, Fat: 7.8g",1/2 Roti
Aloo Keema,"minced meat (120g) (Protein), potato (1 medium) (Vegetables), onion (1 medium) (Vegetables), tomato (1 medium) (Vegetables), ginger (1 tsp) (Spices), garlic (2 cloves) (Spices), spice (1 tsp) (Others), oil (1 tbsp) (Spices), salt (1/2 tsp) (Spices)",Pakistani,Lunch,350,"Protein: 26.2g, Carbs: 43.8g, Fat: 7.8g",1/2 Roti
Halwa Puri,"flour (1/2 cup) (Grains), semolina (2 tbsp) (Grains), sugar (1 tbsp) (Sugars), oil (1 tbsp) (Spices), water (1/2 cup) (Others), chickpea (50g) (Vegetables), spice (1 tsp) (Others)",Pakistani,Breakfast,600,"Protein: 45.0g, Carbs: 75.0g, Fat: 13.3g",None
Grilled Chicken Salad,"chicken breast (1 unit) (Protein), lettuce (2 leaves) (Others), cucumber (1 unit) (Vegetables), tomato (1 medium) (Vegetables), olive oil (1 unit) (Condiments), lemon juice (1 unit) (Sauces), salt (1/2 tsp) (Spices), pepper (1 unit) (Spices)",American,Lunch,350,"Protein: 26.2g, Carbs: 43.8g, Fat: 7.8g",None
Oatmeal with Berries,"rolled oat (1/3 cup) (Others), milk (1 cup) (Dairy), blueberry (5 pcs) (Fruits), strawberry (3 pcs) (Fruits), honey (1 tsp) (Sugars)",American,Breakfast,250,"Protein: 18.8g, Carbs: 31.2g, Fat: 5.6g",None
Spaghetti Aglio e Olio,"spaghetti (1 unit) (Pasta), garlic (2 cloves) (Spices), olive oil (1 unit) (Condiments), chili flake (1 unit) (Spices), parsley (1 unit) (Herbs), salt (1/2 tsp) (Spices)",Italian,Dinner,400,"Protein: 30.0g, Carbs: 50.0g, Fat: 8.9g",None
Caprese Salad,"tomato (1 unit) (Vegetables), mozzarella (40g) (Others), basil (5 leaves) (Herbs), olive oil (1 unit) (Condiments), balsamic vinegar (1 unit) (Spices), salt (1/2 tsp) (Spices)",Italian,Lunch,300,"Protein: 22.5g, Carbs: 37.5g, Fat: 6.7g",None
Protein Smoothie,"banana (1 medium) (Fruits), milk (1 cup) (Dairy), peanut butter (1 unit) (Dairy), protein powder (1 unit) (Protein), honey (1 tsp) (Sugars)",American,Breakfast,350,"Protein: 26.2g, Carbs: 43.8g, Fat: 7.8g",None
Chickpea Salad,"chickpea (50g) (Vegetables), cucumber (1 unit) (Vegetables), tomato (1 medium) (Vegetables), red onion (1 unit) (Vegetables), lemon juice (1 unit) (Sauces), olive oil (1 unit) (Condiments), parsley (1 unit) (Herbs)",Mediterranean,Lunch,300,"Protein: 22.5g, Carbs: 37.5g, Fat: 6.7g",None
Vegetable Stir Fry,"broccoli (1 unit) (Vegetables), carrot (1 small) (Vegetables), bell pepper (1 small) (Vegetables), soy sauce (1 tbsp) (Sauces), garlic (2 cloves) (Spices), ginger (1 tsp) (Spices), sesame oil (1 unit) (Spices)",Asian,Dinner,350,"Protein: 26.2g, Carbs: 43.8g, Fat: 7.8g",Half plate boiled rice
Greek Yogurt Parfait,"greek yogurt (1 unit) (Protein), honey (1 tsp) (Sugars), granola (1 unit) (Others), strawberry (3 pcs) (Fruits), blueberry (5 pcs) (Fruits)",Greek,Breakfast,280,"Protein: 21.0g, Carbs: 35.0g, Fat: 6.2g",None
Lentil Soup,"lentil (1 unit) (Protein), carrot (1 small) (Vegetables), celery (1 unit) (Vegetables), onion (1 medium) (Vegetables), garlic (2 cloves) (Spices), vegetable broth (1/2 cup) (Others), olive oil (1 unit) (Condiments)",Middle Eastern,Lunch,320,"Protein: 24.0g, Carbs: 40.0g, Fat: 7.1g",None
Chicken Caesar Wrap,"tortilla (1 unit) (Grains), grilled chicken (1 unit) (Protein), romaine lettuce (1 unit) (Others), caesar dressing (1 unit) (Sauces), parmesan (20g) (Herbs)",American,Lunch,400,"Protein: 30.0g, Carbs: 50.0g, Fat: 8.9g",None
Egg Fried Rice,"cooked rice (1 unit) (Grains), egg (1 large) (Protein), green pea (1 unit) (Vegetables), carrot (1 unit) (Vegetables), soy sauce (1 tbsp) (Sauces), sesame oil (1 unit) (Spices)",Chinese,Dinner,380,"Protein: 28.5g, Carbs: 47.5g, Fat: 8.4g",None
Avocado Toast,"whole grain bread (1 unit) (Grains), avocado (1 unit) (Fruits), lemon juice (1 unit) (Sauces), chili flake (1 unit) (Spices), salt (1/2 tsp) (Spices)",American,Breakfast,270,"Protein: 20.2g, Carbs: 33.8g, Fat: 6.0g",None
Mango Lassi,"mango (1 unit) (Fruits), yogurt (2 tbsp) (Dairy), milk (1 cup) (Dairy), sugar (1 tbsp) (Sugars), cardamom (1 unit) (Spices)",Indian,Lunch,200,"Protein: 15.0g, Carbs: 25.0g, Fat: 4.4g",None
Quinoa Bowl,"quinoa (1/2 cup) (Grains), black bean (1 unit) (Legumes), corn (1 unit) (Vegetables), avocado (1 unit) (Fruits), lime juice (1 unit) (Sauces), cilantro (1 unit) (Herbs)",Mexican,Lunch,370,"Protein: 27.8g, Carbs: 46.2g, Fat: 8.2g",None
Baked Sweet Potato,"sweet potato (1 unit) (Vegetables), olive oil (1 unit) (Condiments), salt (1/2 tsp) (Spices), black pepper (1 unit) (Spices)",American,Dinner,220,"Protein: 16.5g, Carbs: 27.5g, Fat: 4.9g",None
Tofu Scramble,"tofu (100g) (Protein), turmeric (1 unit) (Spices), bell pepper (1 small) (Vegetables), onion (1 medium) (Vegetables), spinach (1 cup) (Vegetables), olive oil (1 unit) (Condiments)",Vegan,Breakfast,290,"Protein: 21.8g, Carbs: 36.2g, Fat: 6.4g",None
Caprese Salad,"tomato (1 medium) (Vegetables), mozzarella (40g) (Others), basil (5 leaves) (Herbs), olive oil (1 unit) (Condiments), balsamic vinegar (1 unit) (Spices)",Italian,Lunch,250,"Protein: 18.8g, Carbs: 31.2g, Fat: 5.6g",None
Shakshuka,"egg (1 unit) (Protein), tomato sauce (1 unit) (Sauces), onion (1 medium) (Vegetables), garlic (2 cloves) (Spices), bell pepper (1 small) (Vegetables), paprika (1 unit) (Spices)",Middle Eastern,Breakfast,300,"Protein: 22.5g, Carbs: 37.5g, Fat: 6.7g",None
Thai Green Curry,"coconut milk (1 unit) (Dairy), green curry paste (1 unit) (Sauces), chicken (150g) (Protein), basil (5 leaves) (Herbs), eggplant (1 unit) (Vegetables), zucchini (1 whole) (Vegetables)",Thai,Dinner,420,"Protein: 31.5g, Carbs: 52.5g, Fat: 9.3g",Half plate boiled rice
Falafel Wrap,"falafel (1 unit) (Others), pita bread (1 unit) (Grains), lettuce (2 leaves) (Others), tomato (1 medium) (Vegetables), tahini sauce (1 unit) (Spices), cucumber (1 unit) (Vegetables)",Middle Eastern,Lunch,390,"Protein: 29.2g, Carbs: 48.8g, Fat: 8.7g",None
Pesto Pasta,"pasta (1 unit) (Pasta), basil (5 leaves) (Herbs), pine nut (1 unit) (Nuts), garlic (2 cloves) (Spices), parmesan (20g) (Herbs), olive oil (1 unit) (Condiments)",Italian,Dinner,450,"Protein: 33.8g, Carbs: 56.2g, Fat: 10.0g",None
Miso Soup,"miso paste (1 unit) (Others), tofu (100g) (Protein), seaweed (1 unit) (Protein), green onion (1 stalk) (Vegetables), dashi broth (1 unit) (Others)",Japanese,Dinner,150,"Protein: 11.2g, Carbs: 18.8g, Fat: 3.3g",None
Stuffed Bell Peppers,"bell pepper (1 unit) (Vegetables), rice (100g) (Grains), ground beef (1 unit) (Protein), tomato sauce (1 unit) (Sauces), onion (1 medium) (Vegetables), garlic (2 cloves) (Spices)",American,Dinner,410,"Protein: 30.8g, Carbs: 51.2g, Fat: 9.1g",None
Avocado Chickpea Toast,"whole grain bread (1 unit) (Grains), avocado (1 unit) (Fruits), chickpea (50g) (Vegetables), lemon juice (1 unit) (Sauces), chili flake (1 unit) (Spices)",Fusion,Breakfast,310,"Protein: 23.2g, Carbs: 38.8g, Fat: 6.9g",None
Banana Oat Pancakes,"banana (1 medium) (Fruits), oat (1 unit) (Others), egg (1 large) (Protein), baking powder (1 tsp) (Others), milk (1 cup) (Dairy), cinnamon (1/4 tsp) (Spices)",American,Breakfast,330,"Protein: 24.8g, Carbs: 41.2g, Fat: 7.3g",None
Paneer Tikka,"paneer (1 unit) (Protein), yogurt (2 tbsp) (Dairy), bell pepper (1 small) (Vegetables), onion (1 medium) (Vegetables), spice (1 tsp) (Others), lemon juice (1 unit) (Sauces)",Indian,Dinner,400,"Protein: 30.0g, Carbs: 50.0g, Fat: 8.9g",1/2 roti
Egg Salad Sandwich,"boiled egg (1 unit) (Protein), mayonnaise (1 unit) (Sauces), lettuce (2 leaves) (Others), whole wheat bread (1 unit) (Grains), mustard (1 unit) (Sauces)",American,Lunch,350,"Protein: 26.2g, Carbs: 43.8g, Fat: 7.8g",None
Pumpkin Soup,"pumpkin (1 unit) (Fruits), onion (1 medium) (Vegetables), garlic (2 cloves) (Spices), cream (2 tbsp) (Dairy), vegetable broth (1/2 cup) (Others), nutmeg (a pinch) (Spices)",Western,Dinner,280,"Protein: 21.0g, Carbs: 35.0g, Fat: 6.2g",None
Biryani,"rice (100g) (Grains), beef (1 unit) (Protein), yogurt (2 tbsp) (Dairy), spice (1 tsp) (Others), onion (1 medium) (Vegetables), tomato (1 medium) (Vegetables), saffron (1 unit) (Spices)",Indian,Dinner,600,"Protein: 45.0g, Carbs: 75.0g, Fat: 13.3g",Raita
Cauliflower Rice Bowl,"cauliflower (1 unit) (Vegetables), chickpea (50g) (Vegetables), spinach (1 cup) (Vegetables), tahini (1 unit) (Others), lemon juice (1 unit) (Sauces)",Vegan,Lunch,310,"Protein: 23.2g, Carbs: 38.8g, Fat: 6.9g",None
Grilled Fish Tacos,"fish fillet (1 unit) (Protein), corn tortilla (1 unit) (Grains), cabbage (1 unit) (Vegetables), lime (1 unit) (Vegetables), yogurt sauce (1 unit) (Protein)",Mexican,Dinner,390,"Protein: 29.2g, Carbs: 48.8g, Fat: 8.7g",None
Peanut Butter Banana Toast,"whole wheat bread (1 unit) (Grains), peanut butter (1 unit) (Dairy), banana (1 medium) (Fruits), chia seed (1 unit) (Grains)",American,Breakfast,330,"Protein: 24.8g, Carbs: 41.2g, Fat: 7.3g",None
Korean Bibimbap,"rice (100g) (Grains), spinach (1 cup) (Vegetables), carrot (1 small) (Vegetables), beef (1 unit) (Protein), egg (1 large) (Protein), gochujang (1 unit) (Others), sesame oil (1 unit) (Spices)",Korean,Lunch,450,"Protein: 33.8g, Carbs: 56.2g, Fat: 10.0g",None
Tuna Nicoise Salad,"tuna (1 unit) (Protein), green bean (1 unit) (Legumes), potato (1 unit) (Vegetables), egg (1 large) (Protein), olive (1 unit) (Spices), tomato (1 medium) (Vegetables), dressing (1 unit) (Others)",French,Lunch,370,"Protein: 27.8g, Carbs: 46.2g, Fat: 8.2g",None
Stuffed Zucchini Boats,"zucchini (1 whole) (Vegetables), quinoa (1/2 cup) (Grains), tomato sauce (1 unit) (Sauces), cheese (30g) (Dairy), garlic (2 cloves) (Spices), onion (1 medium) (Vegetables)",Mediterranean,Dinner,340,"Protein: 25.5g, Carbs: 42.5g, Fat: 7.6g",None
Ratatouille,"zucchini (1 whole) (Vegetables), eggplant (1 unit) (Vegetables), bell pepper (1 small) (Vegetables), tomato (1 medium) (Vegetables), onion (1 medium) (Vegetables), olive oil (1 unit) (Condiments), herb (1 unit) (Others)",French,Dinner,280,"Protein: 21.0g, Carbs: 35.0g, Fat: 6.2g",None
Chana Masala,"chickpea (50g) (Vegetables), onion (1 medium) (Vegetables), tomato (1 medium) (Vegetables), garlic (2 cloves) (Spices), ginger (1 tsp) (Spices), spice (1 tsp) (Others)",Indian,Lunch,370,"Protein: 27.8g, Carbs: 46.2g, Fat: 8.2g",1/2 Roti
Spinach Feta Omelette,"egg (1 unit) (Protein), spinach (1 cup) (Vegetables), feta cheese (1 unit) (Dairy), onion (1 medium) (Vegetables), olive oil (1 unit) (Condiments)",Greek,Breakfast,290,"Protein: 21.8g, Carbs: 36.2g, Fat: 6.4g", 2 bread slices
Veggie Burrito,"tortilla (1 unit) (Grains), rice (100g) (Grains), bean (1 unit) (Legumes), corn (1 unit) (Vegetables), bell pepper (1 small) (Vegetables), avocado (1 unit) (Fruits)",Mexican,Lunch,420,"Protein: 31.5g, Carbs: 52.5g, Fat: 9.3g",None
Kimchi Fried Rice,"rice (100g) (Grains), kimchi (1 unit) (Others), egg (1 large) (Protein), sesame oil (1 unit) (Spices), soy sauce (1 tbsp) (Sauces)",Korean,Dinner,400,"Protein: 30.0g, Carbs: 50.0g, Fat: 8.9g",None
Gnocchi with Pesto,"gnocchi (1 unit) (Pasta), basil (5 leaves) (Herbs), pine nut (1 unit) (Nuts), garlic (2 cloves) (Spices), olive oil (1 unit) (Condiments), parmesan (20g) (Herbs)",Italian,Dinner,450,"Protein: 33.8g, Carbs: 56.2g, Fat: 10.0g",None
Fruit and Nut Oatmeal,"oat (1 unit) (Others), almond milk (1 unit) (Dairy), banana (1 medium) (Fruits), raisin (1 unit) (Nuts), walnut (1 unit) (Nuts), honey (1 tsp) (Sugars)",American,Breakfast,320,"Protein: 24.0g, Carbs: 40.0g, Fat: 7.1g",None
Vietnamese Spring Rolls,"rice paper (1 unit) (Grains), shrimp (3 pieces) (Protein), lettuce (2 leaves) (Others), vermicelli (1/4 cup) (Others), mint (5 leaves) (Herbs), carrot (1 small) (Vegetables)",Vietnamese,Lunch,200,"Protein: 15.0g, Carbs: 25.0g, Fat: 4.4g",None
Stuffed Eggplant,"eggplant (1 unit) (Vegetables), ground turkey (1 unit) (Protein), tomato sauce (1 unit) (Sauces), onion (1 medium) (Vegetables), cheese (30g) (Dairy)",Mediterranean,Dinner,410,"Protein: 30.8g, Carbs: 51.2g, Fat: 9.1g",None
Tandoori Chicken,"chicken (150g) (Protein), yogurt (2 tbsp) (Dairy), tandoori masala (1 unit) (Spices), lemon juice (1 unit) (Sauces), garlic (2 cloves) (Spices), ginger (1 tsp) (Spices)",Indian,Dinner,420,"Protein: 31.5g, Carbs: 52.5g, Fat: 9.3g",1/2 Roti
Beetroot Hummus Wrap,"tortilla (1 unit) (Grains), beetroot hummus (1 unit) (Sauces), lettuce (2 leaves) (Others), carrot (1 small) (Vegetables), cucumber (1 unit) (Vegetables)",Fusion,Lunch,290,"Protein: 21.8g, Carbs: 36.2g, Fat: 6.4g",None
Sweet Corn Soup,"corn (1 unit) (Vegetables), carrot (1 small) (Vegetables), water (1/2 cup) (Others), garlic (2 cloves) (Spices), cornflour (1 unit) (Others), spring onion (1 unit) (Vegetables)",Chinese,Dinner,180,"Protein: 13.5g, Carbs: 22.5g, Fat: 4.0g",Garlic Bread
Zucchini Fritters,"zucchini (1 whole) (Vegetables), egg (1 large) (Protein), flour (1/2 cup) (Grains), parmesan (20g) (Herbs), herb (1 unit) (Others)",European,Breakfast,260,"Protein: 19.5g, Carbs: 32.5g, Fat: 5.8g",None
Shrimp Pad Thai,"rice noodle (1 unit) (Grains), shrimp (3 pieces) (Protein), egg (1 large) (Protein), peanut (1 unit) (Nuts), tamarind sauce (1 unit) (Spices), bean sprout (1 unit) (Others)",Thai,Dinner,460,"Protein: 34.5g, Carbs: 57.5g, Fat: 10.2g",None
Smashed Avocado Crackers,"whole grain cracker (1 unit) (Others), avocado (1 unit) (Fruits), lime juice (1 unit) (Sauces), salt (1/2 tsp) (Spices), pepper (1 unit) (Spices)",American,Lunch,220,"Protein: 16.5g, Carbs: 27.5g, Fat: 4.9g",None
Bulgur Wheat Salad,"bulgur wheat (1 unit) (Others), tomato (1 medium) (Vegetables), parsley (1 unit) (Herbs), cucumber (1 unit) (Vegetables), lemon juice (1 unit) (Sauces), olive oil (1 unit) (Condiments)",Middle Eastern,Lunch,310,"Protein: 23.2g, Carbs: 38.8g, Fat: 6.9g",None
Eggplant Parmesan,"eggplant (1 unit) (Vegetables), tomato sauce (1 unit) (Sauces), mozzarella (40g) (Others), parmesan (20g) (Herbs), basil (5 leaves) (Herbs)",Italian,Dinner,390,"Protein: 29.2g, Carbs: 48.8g, Fat: 8.7g",None
Couscous Bowl,"couscou (1 unit) (Others), roasted veggie (1 unit) (Protein), chickpea (50g) (Vegetables), lemon dressing (1 unit) (Sauces)",Moroccan,Lunch,350,"Protein: 26.2g, Carbs: 43.8g, Fat: 7.8g",None
Peanut Noodles,"rice noodle (1 unit) (Grains), peanut butter (1 unit) (Dairy), soy sauce (1 tbsp) (Sauces), garlic (2 cloves) (Spices), carrot (1 small) (Vegetables), cucumber (1 unit) (Vegetables)",Asian,Dinner,440,"Protein: 33.0g, Carbs: 55.0g, Fat: 9.8g",None
Margherita Pizza,"pizza dough (1 unit) (Others), tomato sauce (1 unit) (Sauces), mozzarella (40g) (Others), basil (5 leaves) (Herbs), olive oil (1 unit) (Condiments)",Italian,Dinner,500,"Protein: 37.5g, Carbs: 62.5g, Fat: 11.1g",None
Fettuccine Alfredo,"fettuccine (100g) (Pasta), butter (1 tbsp) (Dairy), parmesan (20g) (Herbs), cream (2 tbsp) (Dairy), garlic (2 cloves) (Spices)",Italian,Dinner,550,"Protein: 41.2g, Carbs: 68.8g, Fat: 12.2g",None
Bruschetta,"baguette (1 unit) (Others), tomato (1 medium) (Vegetables), basil (5 leaves) (Herbs), garlic (2 cloves) (Spices), olive oil (1 unit) (Condiments)",Italian,Breakfast,220,"Protein: 16.5g, Carbs: 27.5g, Fat: 4.9g",None
Caprese Skewers,"mozzarella ball (1 unit) (Others), cherry tomatoe (1 unit) (Vegetables), basil (5 leaves) (Herbs), balsamic glaze (1 unit) (Others)",Italian,Lunch,180,"Protein: 13.5g, Carbs: 22.5g, Fat: 4.0g",None
Minestrone Soup,"vegetable (1 unit) (Others), bean (1 unit) (Legumes), pasta (1 unit) (Pasta), tomato broth (1 unit) (Vegetables), olive oil (1 unit) (Condiments)",Italian,Lunch,300,"Protein: 22.5g, Carbs: 37.5g, Fat: 6.7g",None
Pesto Risotto,"arborio rice (1 unit) (Grains), pesto (1 unit) (Sauces), parmesan (20g) (Herbs), onion (1 medium) (Vegetables), vegetable broth (1/2 cup) (Others)",Italian,Dinner,420,"Protein: 31.5g, Carbs: 52.5g, Fat: 9.3g",None
Spinach Ricotta Stuffed Shells,"pasta shell (1 unit) (Others), ricotta (1 unit) (Others), spinach (1 cup) (Vegetables), marinara (1 unit) (Sauces), mozzarella (40g) (Others)",Italian,Dinner,500,"Protein: 37.5g, Carbs: 62.5g, Fat: 11.1g",None
Eggplant Caponata,"eggplant (1 unit) (Vegetables), tomato (1 medium) (Vegetables), caper (1 unit) (Others), olive (1 unit) (Spices), vinegar (1 unit) (Sauces), onion (1 medium) (Vegetables)",Italian,Lunch,310,"Protein: 23.2g, Carbs: 38.8g, Fat: 6.9g",None
Mac and Cheese,"macaroni (1 unit) (Pasta), cheddar (1 unit) (Dairy), milk (1 cup) (Dairy), butter (1 tbsp) (Dairy), flour (1/2 cup) (Grains)",American,Dinner,550,"Protein: 41.2g, Carbs: 68.8g, Fat: 12.2g",None
Grilled Cheese Sandwich,"bread (1 unit) (Grains), cheddar cheese (1 unit) (Dairy), butter (1 tbsp) (Dairy)",American,Breakfast,400,"Protein: 30.0g, Carbs: 50.0g, Fat: 8.9g",None
Buffalo Wings,"chicken wing (1 unit) (Protein), hot sauce (1 unit) (Sauces), butter (1 tbsp) (Dairy), garlic powder (1 unit) (Spices)",American,Lunch,480,"Protein: 36.0g, Carbs: 60.0g, Fat: 10.7g",One potato Fries
Cobb Salad,"lettuce (2 leaves) (Others), egg (1 large) (Protein), chicken (150g) (Protein), avocado (1 unit) (Fruits), tomato (1 medium) (Vegetables), cheese (30g) (Dairy)",American,Lunch,350,"Protein: 26.2g, Carbs: 43.8g, Fat: 7.8g",None
Pancakes,"flour (1/2 cup) (Grains), milk (1 cup) (Dairy), egg (1 unit) (Protein), baking powder (1 tsp) (Others), sugar (1 tbsp) (Sugars)",American,Breakfast,430,"Protein: 32.2g, Carbs: 53.8g, Fat: 9.6g", Banana/Strawberries
Turkey Burger,"ground turkey (1 unit) (Protein), bun (1 unit) (Others), lettuce (2 leaves) (Others), tomato (1 medium) (Vegetables), cheese (30g) (Dairy)",American,Lunch,450,"Protein: 33.8g, Carbs: 56.2g, Fat: 10.0g", None
Chicken Pot Pie,"chicken (150g) (Protein), pie crust (1 unit) (Others), pea (1 unit) (Vegetables), carrot (1 small) (Vegetables), cream (2 tbsp) (Dairy)",American,Dinner,490,"Protein: 36.8g, Carbs: 61.2g, Fat: 10.9g", None
Sloppy Joes,"ground beef (1 unit) (Protein), tomato sauce (1 unit) (Sauces), onion (1 medium) (Vegetables), bun (1 unit) (Others)",American,Lunch,460,"Protein: 34.5g, Carbs: 57.5g, Fat: 10.2g",None
Chili con Carne,"ground beef (1 unit) (Protein), bean (1 unit) (Legumes), tomato (1 medium) (Vegetables), spice (1 tsp) (Others)",American,Dinner,480,"Protein: 36.0g, Carbs: 60.0g, Fat: 10.7g", None
Chicken Karahi,"chicken (150g) (Protein), tomato (1 medium) (Vegetables), ginger (1 tsp) (Spices), garlic (2 cloves) (Spices), green chili (1 unit) (Spices), spice (1 tsp) (Others)",Pakistani,Dinner,520,"Protein: 39.0g, Carbs: 65.0g, Fat: 11.6g",1/2 Roti
Chicken Karahi,"chicken (150g) (Protein), tomato (1 medium) (Vegetables), ginger (1 tsp) (Spices), garlic (2 cloves) (Spices), green chili (1 unit) (Spices), spice (1 tsp) (Others)",Pakistani,Lunch,520,"Protein: 39.0g, Carbs: 65.0g, Fat: 11.6g",1/2 Roti
Daal Chawal,"lentil (1 unit) (Protein), spice (1 tsp) (Others), rice (100g) (Grains), onion (1 medium) (Vegetables), garlic (2 cloves) (Spices)",Pakistani,Lunch,410,"Protein: 30.8g, Carbs: 51.2g, Fat: 9.1g",
Daal Chawal,"lentil (1 unit) (Protein), spice (1 tsp) (Others), rice (100g) (Grains), onion (1 medium) (Vegetables), garlic (2 cloves) (Spices)",Pakistani,Dinner,410,"Protein: 30.8g, Carbs: 51.2g, Fat: 9.1g",
Nihari,"beef (1 unit) (Protein), flour (1/2 cup) (Grains), ghee (1 unit) (Condiments), spice (1 tsp) (Others), ginger (1 tsp) (Spices), garlic (2 cloves) (Spices)",Pakistani,Breakfast,600,"Protein: 45.0g, Carbs: 75.0g, Fat: 13.3g",1/2 Roti
Chana Pulao,"chickpea (50g) (Vegetables), rice (100g) (Grains), spice (1 tsp) (Others), onion (1 medium) (Vegetables), tomato (1 medium) (Vegetables)",Pakistani,Lunch,430,"Protein: 32.2g, Carbs: 53.8g, Fat: 9.6g",None
Shami Kebab,"beef (1 unit) (Protein), chana dal (1 unit) (Others), spice (1 tsp) (Others), onion (1 medium) (Vegetables), egg (1 large) (Protein)",Pakistani,Dinner,300,"Protein: 22.5g, Carbs: 37.5g, Fat: 6.7g",2 slices of bran bread
Anda Paratha,"egg (1 large) (Protein), paratha (1 unit) (Grains), salt (1/2 tsp) (Spices), chili (1 unit) (Spices)",Pakistani,Breakfast,390,"Protein: 29.2g, Carbs: 48.8g, Fat: 8.7g",None
Lasagna,"lasagna noodle (1 unit) (Others), ricotta (1 unit) (Others), mozzarella (40g) (Others), meat sauce (1 unit) (Spices), parmesan (20g) (Herbs)",Italian,Dinner,600,"Protein: 45.0g, Carbs: 75.0g, Fat: 13.3g",None
Gnocchi alla Sorrentina,"gnocchi (1 unit) (Pasta), tomato sauce (1 unit) (Sauces), mozzarella (40g) (Others), basil (5 leaves) (Herbs)",Italian,Dinner,480,"Protein: 36.0g, Carbs: 60.0g, Fat: 10.7g",None
Italian Wedding Soup,"meatball (1 unit) (Protein), spinach (1 cup) (Vegetables), pasta (1 unit) (Pasta), broth (1 unit) (Others)",Italian,Lunch,390,"Protein: 29.2g, Carbs: 48.8g, Fat: 8.7g",None
Pasta Primavera,"pasta (1 unit) (Pasta), zucchini (1 whole) (Vegetables), bell pepper (1 small) (Vegetables), carrot (1 small) (Vegetables), parmesan (20g) (Herbs)",Italian,Lunch,400,"Protein: 30.0g, Carbs: 50.0g, Fat: 8.9g",None
Tortellini Soup,"tortellini (1 unit) (Pasta), spinach (1 cup) (Vegetables), tomato broth (1 unit) (Vegetables), garlic (2 cloves) (Spices)",Italian,Lunch,350,"Protein: 26.2g, Carbs: 43.8g, Fat: 7.8g",None
Polenta with Marinara,"polenta (1 unit) (Others), tomato sauce (1 unit) (Sauces), parmesan (20g) (Herbs), basil (5 leaves) (Herbs)",Italian,Dinner,350,"Protein: 26.2g, Carbs: 43.8g, Fat: 7.8g",None
Cannoli,"pastry shell (1 unit) (Others), ricotta (1 unit) (Others), sugar (1 tbsp) (Sugars), chocolate chip (1 unit) (Sugars)",Italian,Lunch,420,"Protein: 31.5g, Carbs: 52.5g, Fat: 9.3g",None
Fried Chicken,"chicken (150g) (Protein), flour (1/2 cup) (Grains), spice (1 tsp) (Others), oil (1 tbsp) (Spices)",American,Dinner,520,"Protein: 39.0g, Carbs: 65.0g, Fat: 11.6g",None
Baked Beans,"bean (1 unit) (Legumes), molasse (1 unit) (Others), brown sugar (1 unit) (Sugars), tomato sauce (1 unit) (Sauces)",American,Dinner,320,"Protein: 24.0g, Carbs: 40.0g, Fat: 7.1g",None
Apple Pie,"apple (1 unit) (Fruits), pie crust (1 unit) (Others), cinnamon (1/4 tsp) (Spices), sugar (1 tbsp) (Sugars)",American,Lunch,420,"Protein: 31.5g, Carbs: 52.5g, Fat: 9.3g",None
Cornbread,"cornmeal (1 unit) (Others), milk (1 cup) (Dairy), egg (1 large) (Protein), sugar (1 tbsp) (Sugars), baking powder (1 tsp) (Others)",American,Dinner,300,"Protein: 22.5g, Carbs: 37.5g, Fat: 6.7g",None
Steak and Mashed Potatoes,"steak (1 unit) (Protein), potato (1 unit) (Vegetables), butter (1 tbsp) (Dairy), milk (1 cup) (Dairy), salt (1/2 tsp) (Spices)",American,Dinner,600,"Protein: 45.0g, Carbs: 75.0g, Fat: 13.3g",None
Bagel with Cream Cheese,"bagel (1 unit) (Others), cream cheese (1 unit) (Dairy)",American,Breakfast,350,"Protein: 26.2g, Carbs: 43.8g, Fat: 7.8g",None
Deviled Eggs,"egg (1 unit) (Protein), mustard (1 unit) (Sauces), mayo (1 unit) (Sauces), paprika (1 unit) (Spices)",American,Breakfast,250,"Protein: 18.8g, Carbs: 31.2g, Fat: 5.6g",None
Beef Pulao,"beef (1 unit) (Protein), rice (100g) (Grains), onion (1 medium) (Vegetables), garlic (2 cloves) (Spices), spice (1 tsp) (Others)",Pakistani,Lunch,550,"Protein: 41.2g, Carbs: 68.8g, Fat: 12.2g",Raita
Bhindi Masala,"okra (8 pieces) (Others), onion (1 medium) (Vegetables), tomato (1 medium) (Vegetables), garlic (2 cloves) (Spices), spice (1 tsp) (Others)",Pakistani,Lunch,300,"Protein: 22.5g, Carbs: 37.5g, Fat: 6.7g",1/2 Roti
Haleem,"beef (1 unit) (Protein), wheat (1 unit) (Grains), lentil (1 unit) (Protein), spice (1 tsp) (Others), fried onion (1 unit) (Vegetables)",Pakistani,Dinner,600,"Protein: 45.0g, Carbs: 75.0g, Fat: 13.3g",None
Kofta Curry,"ground beef (1 unit) (Protein), spice (1 tsp) (Others), onion (1 medium) (Vegetables), tomato (1 medium) (Vegetables), yogurt (2 tbsp) (Dairy)",Pakistani,Dinner,470,"Protein: 35.2g, Carbs: 58.8g, Fat: 10.4g",1/2 Roti
Palak Paneer,"spinach (1 cup) (Vegetables), paneer (1 unit) (Protein), tomato (1 medium) (Vegetables), spice (1 tsp) (Others)",Pakistani,Lunch,390,"Protein: 29.2g, Carbs: 48.8g, Fat: 8.7g",None
Chana Chaat,"chickpea (50g) (Vegetables), potato (1 unit) (Vegetables), onion (1 medium) (Vegetables), tomato (1 medium) (Vegetables), spice (1 tsp) (Others), tamarind (1 unit) (Others)",Pakistani,Lunch,280,"Protein: 21.0g, Carbs: 35.0g, Fat: 6.2g",None
Beef Seekh Kebab,"beef (1 unit) (Protein), onion (1 medium) (Vegetables), garlic (2 cloves) (Spices), chili (1 unit) (Spices), spice (1 tsp) (Others)",Pakistani,Dinner,420,"Protein: 31.5g, Carbs: 52.5g, Fat: 9.3g",1/2 Roti
Panzanella,"bread (1 unit) (Grains), tomato (1 medium) (Vegetables), cucumber (1 unit) (Vegetables), onion (1 medium) (Vegetables), olive oil (1 unit) (Condiments), vinegar (1 unit) (Sauces)",Italian,Lunch,350,"Protein: 26.2g, Carbs: 43.8g, Fat: 7.8g",None
Frittata,"egg (1 unit) (Protein), cheese (30g) (Dairy), vegetable (1 unit) (Others), olive oil (1 unit) (Condiments)",Italian,Breakfast,330,"Protein: 24.8g, Carbs: 41.2g, Fat: 7.3g",None
Tortellini Alfredo,"tortellini (1 unit) (Pasta), cream (2 tbsp) (Dairy), parmesan (20g) (Herbs), garlic (2 cloves) (Spices)",Italian,Dinner,460,"Protein: 34.5g, Carbs: 57.5g, Fat: 10.2g",None
Italian Sausage Pasta,"pasta (1 unit) (Pasta), italian sausage (1 unit) (Protein), tomato sauce (1 unit) (Sauces), onion (1 medium) (Vegetables), garlic (2 cloves) (Spices)",Italian,Dinner,500,"Protein: 37.5g, Carbs: 62.5g, Fat: 11.1g",None
Eggplant Lasagna,"eggplant (1 unit) (Vegetables), ricotta (1 unit) (Others), mozzarella (40g) (Others), marinara (1 unit) (Sauces), parmesan (20g) (Herbs)",Italian,Dinner,470,"Protein: 35.2g, Carbs: 58.8g, Fat: 10.4g",None
Ricotta Pancakes,"ricotta (1 unit) (Others), egg (1 unit) (Protein), flour (1/2 cup) (Grains), sugar (1 tbsp) (Sugars), lemon zest (1 unit) (Others)",Italian,Breakfast,390,"Protein: 29.2g, Carbs: 48.8g, Fat: 8.7g",None
Cheeseburger,"beef patty (1 unit) (Protein), cheese (30g) (Dairy), bun (1 unit) (Others), lettuce (2 leaves) (Others), tomato (1 medium) (Vegetables)",American,Lunch,540,"Protein: 40.5g, Carbs: 67.5g, Fat: 12.0g",None
Stuffed Peppers,"bell pepper (1 small) (Vegetables), ground beef (1 unit) (Protein), rice (100g) (Grains), tomato sauce (1 unit) (Sauces)",American,Dinner,440,"Protein: 33.0g, Carbs: 55.0g, Fat: 9.8g",None
Blueberry Muffins,"flour (1/2 cup) (Grains), sugar (1 tbsp) (Sugars), blueberry (5 pcs) (Fruits), egg (1 large) (Protein), milk (1 cup) (Dairy)",American,Breakfast,320,"Protein: 24.0g, Carbs: 40.0g, Fat: 7.1g",None
Tuna Salad Sandwich,"tuna (1 unit) (Protein), mayo (1 unit) (Sauces), celery (1 unit) (Vegetables), bread (1 unit) (Grains)",American,Lunch,350,"Protein: 26.2g, Carbs: 43.8g, Fat: 7.8g",None
French Toast,"bread (1 unit) (Grains), egg (1 large) (Protein), milk (1 cup) (Dairy), cinnamon (1/4 tsp) (Spices), syrup (1 unit) (Spices)",American,Breakfast,390,"Protein: 29.2g, Carbs: 48.8g, Fat: 8.7g",None
Potato Salad,"potato (1 medium) (Vegetables), mayo (1 unit) (Sauces), mustard (1 unit) (Sauces), egg (1 large) (Protein), onion (1 medium) (Vegetables)",American,Lunch,370,"Protein: 27.8g, Carbs: 46.2g, Fat: 8.2g",None
Shrimp and Grits,"shrimp (3 pieces) (Protein), grit (1 unit) (Others), butter (1 tbsp) (Dairy), garlic (2 cloves) (Spices), cheese (30g) (Dairy)",American,Dinner,460,"Protein: 34.5g, Carbs: 57.5g, Fat: 10.2g",None
Kadhi Pakora,"gram flour (1 unit) (Grains), yogurt (2 tbsp) (Dairy), spice (1 tsp) (Others), onion (1 medium) (Vegetables), oil (1 tbsp) (Spices)",Pakistani,Lunch,450,"Protein: 33.8g, Carbs: 56.2g, Fat: 10.0g",Half plate boiled rice
Murgh Cholay,"chicken (150g) (Protein), chickpea (50g) (Vegetables), tomato (1 medium) (Vegetables), spice (1 tsp) (Others)",Pakistani,Lunch,490,"Protein: 36.8g, Carbs: 61.2g, Fat: 10.9g",1/2 Roti
Baingan Bharta,"eggplant (1 unit) (Vegetables), tomato (1 medium) (Vegetables), onion (1 medium) (Vegetables), spice (1 tsp) (Others)",Pakistani,Dinner,310,"Protein: 23.2g, Carbs: 38.8g, Fat: 6.9g",None
Aloo Baingan,"potato (1 unit) (Vegetables), eggplant (1 unit) (Vegetables), spice (1 tsp) (Others), tomato (1 medium) (Vegetables)",Pakistani,Lunch,370,"Protein: 27.8g, Carbs: 46.2g, Fat: 8.2g",Paratha
Kaleji Fry,"liver (1 unit) (Protein), garlic (2 cloves) (Spices), spice (1 tsp) (Others), onion (1 medium) (Vegetables)",Pakistani,Dinner,450,"Protein: 33.8g, Carbs: 56.2g, Fat: 10.0g",None
Dahi Bhalla,"lentil ball (1 unit) (Others), yogurt (2 tbsp) (Dairy), tamarind sauce (1 unit) (Spices), spice (1 tsp) (Others)",Pakistani,Lunch,280,"Protein: 21.0g, Carbs: 35.0g, Fat: 6.2g",None
Halal BBQ Chicken Wrap,"halal chicken (1 unit) (Protein), tortilla (1 unit) (Grains), lettuce (2 leaves) (Others), bbq sauce (1 unit) (Sauces), tomato (1 medium) (Vegetables)",American,Lunch,420,"Protein: 31.5g, Carbs: 52.5g, Fat: 9.3g",None
Veggie Mac and Cheese,"macaroni (1 unit) (Pasta), cheese (30g) (Dairy), milk (1 cup) (Dairy), broccoli (1 unit) (Vegetables), carrot (1 small) (Vegetables)",American,Lunch,430,"Protein: 32.2g, Carbs: 53.8g, Fat: 9.6g",None
Halal Turkey Sandwich,"halal turkey (1 unit) (Protein), lettuce (2 leaves) (Others), tomato (1 medium) (Vegetables), whole wheat bread (1 unit) (Grains)",American,Lunch,360,"Protein: 27.0g, Carbs: 45.0g, Fat: 8.0g",None
Avocado Egg Toast,"whole grain bread (1 unit) (Grains), egg (1 large) (Protein), avocado (1 unit) (Fruits), chili flake (1 unit) (Spices)",American,Breakfast,350,"Protein: 26.2g, Carbs: 43.8g, Fat: 7.8g",None
Veggie Quesadilla,"tortilla (1 unit) (Grains), cheese (30g) (Dairy), bell pepper (1 small) (Vegetables), onion (1 medium) (Vegetables), mushroom (1 unit) (Others)",American,Breakfast,400,"Protein: 30.0g, Carbs: 50.0g, Fat: 8.9g",None
Sweet Potato Fries,"sweet potato (1 unit) (Vegetables), olive oil (1 unit) (Condiments), paprika (1 unit) (Spices), salt (1/2 tsp) (Spices)",American,Lunch,250,"Protein: 18.8g, Carbs: 31.2g, Fat: 5.6g",None
Halal Grilled Chicken Salad,"halal chicken (1 unit) (Protein), lettuce (2 leaves) (Others), cucumber (1 unit) (Vegetables), dressing (1 unit) (Others)",American,Lunch,370,"Protein: 27.8g, Carbs: 46.2g, Fat: 8.2g",None
Buttermilk Pancakes,"flour (1/2 cup) (Grains), buttermilk (1 unit) (Dairy), egg (1 large) (Protein), baking powder (1 tsp) (Others), syrup (1 unit) (Spices)",American,Breakfast,400,"Protein: 30.0g, Carbs: 50.0g, Fat: 8.9g",None
Baked Halal Chicken Tenders,"halal chicken (1 unit) (Protein), breadcrumb (1 unit) (Grains), egg (1 large) (Protein), olive oil (1 unit) (Condiments)",American,Dinner,380,"Protein: 28.5g, Carbs: 47.5g, Fat: 8.4g",None
Halal Chicken Alfredo,"fettuccine (100g) (Pasta), halal chicken (1 unit) (Protein), cream (2 tbsp) (Dairy), parmesan (20g) (Herbs), garlic (2 cloves) (Spices)",Italian,Dinner,520,"Protein: 39.0g, Carbs: 65.0g, Fat: 11.6g",None
Spinach Ricotta Ravioli,"ravioli (1 unit) (Pasta), spinach (1 cup) (Vegetables), ricotta (1 unit) (Others), tomato sauce (1 unit) (Sauces)",Italian,Dinner,450,"Protein: 33.8g, Carbs: 56.2g, Fat: 10.0g",None
Pasta with Pesto,"pasta (1 unit) (Pasta), basil (5 leaves) (Herbs), pine nut (1 unit) (Nuts), olive oil (1 unit) (Condiments), parmesan (20g) (Herbs)",Italian,Lunch,420,"Protein: 31.5g, Carbs: 52.5g, Fat: 9.3g",None
Vegetarian Lasagna,"lasagna noodle (1 unit) (Others), ricotta (1 unit) (Others), spinach (1 cup) (Vegetables), tomato sauce (1 unit) (Sauces)",Italian,Dinner,500,"Protein: 37.5g, Carbs: 62.5g, Fat: 11.1g",None
Mushroom Risotto,"rice (100g) (Grains), mushroom (1 unit) (Others), garlic (2 cloves) (Spices), parmesan (20g) (Herbs), olive oil (1 unit) (Condiments)",Italian,Dinner,470,"Protein: 35.2g, Carbs: 58.8g, Fat: 10.4g",None
Mozzarella Caprese Sandwich,"mozzarella (40g) (Others), tomato (1 medium) (Vegetables), basil (5 leaves) (Herbs), baguette (1 unit) (Others), olive oil (1 unit) (Condiments)",Italian,Lunch,390,"Protein: 29.2g, Carbs: 48.8g, Fat: 8.7g",None
Vegetable Minestrone,"bean (1 unit) (Legumes), pasta (1 unit) (Pasta), zucchini (1 whole) (Vegetables), carrot (1 small) (Vegetables), tomato broth (1 unit) (Vegetables)",Italian,Lunch,300,"Protein: 22.5g, Carbs: 37.5g, Fat: 6.7g",None
Halal Chicken Parm,"halal chicken (1 unit) (Protein), breadcrumb (1 unit) (Grains), tomato sauce (1 unit) (Sauces), mozzarella (40g) (Others)",Italian,Dinner,490,"Protein: 36.8g, Carbs: 61.2g, Fat: 10.9g",None
Stuffed Zucchini,"zucchini (1 whole) (Vegetables), rice (100g) (Grains), tomato (1 medium) (Vegetables), onion (1 medium) (Vegetables), cheese (30g) (Dairy)",Italian,Dinner,350,"Protein: 26.2g, Carbs: 43.8g, Fat: 7.8g",None
Italian Herb Roasted Potatoes,"potato (1 medium) (Vegetables), rosemary (1 unit) (Herbs), olive oil (1 unit) (Condiments), garlic (2 cloves) (Spices)",Italian,Breakfast,280,"Protein: 21.0g, Carbs: 35.0g, Fat: 6.2g",Half plate boiled rice
Chapli Kebab,"halal beef (1 unit) (Protein), onion (1 medium) (Vegetables), tomato (1 medium) (Vegetables), spice (1 tsp) (Others), flour (1/2 cup) (Grains)",Pakistani,Dinner,470,"Protein: 35.2g, Carbs: 58.8g, Fat: 10.4g",1/2 Roti
Aloo Gobi,"potato (1 unit) (Vegetables), cauliflower (1 unit) (Vegetables), tomato (1 medium) (Vegetables), spice (1 tsp) (Others)",Pakistani,Lunch,370,"Protein: 27.8g, Carbs: 46.2g, Fat: 8.2g",1/2 Roti
Vegetable Biryani,"rice (100g) (Grains), carrot (1 small) (Vegetables), pea (1 unit) (Vegetables), potato (1 unit) (Vegetables), spice (1 tsp) (Others)",Pakistani,Lunch,450,"Protein: 33.8g, Carbs: 56.2g, Fat: 10.0g",None
Methi Chicken,"halal chicken (1 unit) (Protein), fenugreek (1 unit) (Herbs), onion (1 medium) (Vegetables), yogurt (2 tbsp) (Dairy), spice (1 tsp) (Others)",Pakistani,Dinner,480,"Protein: 36.0g, Carbs: 60.0g, Fat: 10.7g",1/2 Roti
Chicken Korma,"halal chicken (1 unit) (Protein), yogurt (2 tbsp) (Dairy), fried onion (1 unit) (Vegetables), spice (1 tsp) (Others)",Pakistani,Dinner,520,"Protein: 39.0g, Carbs: 65.0g, Fat: 11.6g",1/2 Roti
Chana Curry,"chickpea (50g) (Vegetables), onion (1 medium) (Vegetables), tomato (1 medium) (Vegetables), spice (1 tsp) (Others)",Pakistani,Lunch,380,"Protein: 28.5g, Carbs: 47.5g, Fat: 8.4g",1/2 Roti
Besan Chilla,"gram flour (1 unit) (Grains), onion (1 medium) (Vegetables), tomato (1 medium) (Vegetables), chili (1 unit) (Spices), coriander (1 unit) (Spices)",Pakistani,Breakfast,320,"Protein: 24.0g, Carbs: 40.0g, Fat: 7.1g",None
Raita with Cucumber,"yogurt (2 tbsp) (Dairy), cucumber (1 unit) (Vegetables), cumin (1 unit) (Spices), salt (1/2 tsp) (Spices)",Pakistani,Lunch,150,"Protein: 11.2g, Carbs: 18.8g, Fat: 3.3g",None
Halal Chicken Fajita Bowl,"halal chicken (1 unit) (Protein), bell pepper (1 small) (Vegetables), rice (100g) (Grains), onion (1 medium) (Vegetables), spice (1 tsp) (Others)",American,Lunch,480,"Protein: 36.0g, Carbs: 60.0g, Fat: 10.7g",None
Baked Veggie Chips,"zucchini (1 whole) (Vegetables), sweet potato (1 unit) (Vegetables), olive oil (1 unit) (Condiments), salt (1/2 tsp) (Spices)",American,Lunch,200,"Protein: 15.0g, Carbs: 25.0g, Fat: 4.4g",None
Halal Sloppy Joe,"halal beef (1 unit) (Protein), tomato sauce (1 unit) (Sauces), bun (1 unit) (Others), onion (1 medium) (Vegetables)",American,Lunch,450,"Protein: 33.8g, Carbs: 56.2g, Fat: 10.0g",None
Egg Salad Wrap,"boiled egg (1 unit) (Protein), lettuce (2 leaves) (Others), mayo (1 unit) (Sauces), tortilla (1 unit) (Grains)",American,Lunch,380,"Protein: 28.5g, Carbs: 47.5g, Fat: 8.4g",None
Halal Chicken Caesar Salad,"halal chicken (1 unit) (Protein), romaine (1 unit) (Others), parmesan (20g) (Herbs), crouton (1 unit) (Others), dressing (1 unit) (Others)",American,Lunch,390,"Protein: 29.2g, Carbs: 48.8g, Fat: 8.7g",None
Fruit Yogurt Parfait,"yogurt (2 tbsp) (Dairy), berry (1 unit) (Fruits), granola (1 unit) (Others), honey (1 tsp) (Sugars)",American,Breakfast,300,"Protein: 22.5g, Carbs: 37.5g, Fat: 6.7g",None
Oven Baked Chicken Drumsticks,"halal chicken (1 unit) (Protein), spice (1 tsp) (Others), olive oil (1 unit) (Condiments)",American,Dinner,420,"Protein: 31.5g, Carbs: 52.5g, Fat: 9.3g",None
Vegetable Grilled Sandwich,"bread (1 unit) (Grains), tomato (1 medium) (Vegetables), lettuce (2 leaves) (Others), cheese (30g) (Dairy), cucumber (1 unit) (Vegetables)",American,Lunch,360,"Protein: 27.0g, Carbs: 45.0g, Fat: 8.0g",None
Halal Meatball Sub,"halal beef meatball (1 unit) (Protein), bun (1 unit) (Others), tomato sauce (1 unit) (Sauces), cheese (30g) (Dairy)",American,Lunch,510,"Protein: 38.2g, Carbs: 63.8g, Fat: 11.3g",None
Breakfast Burrito,"egg (1 unit) (Protein), halal turkey (1 unit) (Protein), tortilla (1 unit) (Grains), cheese (30g) (Dairy)",American,Breakfast,400,"Protein: 30.0g, Carbs: 50.0g, Fat: 8.9g",None
Loaded Baked Potato,"potato (1 unit) (Vegetables), sour cream (1 unit) (Dairy), halal beef (1 unit) (Protein), cheese (30g) (Dairy), green onion (1 stalk) (Vegetables)",American,Dinner,490,"Protein: 36.8g, Carbs: 61.2g, Fat: 10.9g",None
Baked Oatmeal,"oat (1 unit) (Others), milk (1 cup) (Dairy), banana (1 medium) (Fruits), cinnamon (1/4 tsp) (Spices), honey (1 tsp) (Sugars)",American,Breakfast,350,"Protein: 26.2g, Carbs: 43.8g, Fat: 7.8g",None
Broccoli Cheddar Soup,"broccoli (1 unit) (Vegetables), cheddar cheese (1 unit) (Dairy), milk (1 cup) (Dairy), flour (1/2 cup) (Grains)",American,Lunch,370,"Protein: 27.8g, Carbs: 46.2g, Fat: 8.2g",None
Spaghetti Marinara,"spaghetti (1 unit) (Pasta), tomato sauce (1 unit) (Sauces), basil (5 leaves) (Herbs), olive oil (1 unit) (Condiments)",Italian,Dinner,420,"Protein: 31.5g, Carbs: 52.5g, Fat: 9.3g",
Halal Turkey Lasagna,"lasagna noodle (1 unit) (Others), halal turkey (1 unit) (Protein), tomato sauce (1 unit) (Sauces), cheese (30g) (Dairy)",Italian,Dinner,540,"Protein: 40.5g, Carbs: 67.5g, Fat: 12.0g",None
Pasta e Fagioli,"bean (1 unit) (Legumes), pasta (1 unit) (Pasta), tomato (1 medium) (Vegetables), garlic (2 cloves) (Spices), olive oil (1 unit) (Condiments)",Italian,Lunch,390,"Protein: 29.2g, Carbs: 48.8g, Fat: 8.7g",None
Italian Chickpea Stew,"chickpea (50g) (Vegetables), tomato (1 medium) (Vegetables), spinach (1 cup) (Vegetables), garlic (2 cloves) (Spices), olive oil (1 unit) (Condiments)",Italian,Lunch,360,"Protein: 27.0g, Carbs: 45.0g, Fat: 8.0g",None
Pasta Puttanesca (Vegetarian),"pasta (1 unit) (Pasta), tomato (1 medium) (Vegetables), olive (1 unit) (Spices), caper (1 unit) (Others), garlic (2 cloves) (Spices)",Italian,Dinner,410,"Protein: 30.8g, Carbs: 51.2g, Fat: 9.1g",None
Halal Chicken Gnocchi Bake,"gnocchi (1 unit) (Pasta), halal chicken (1 unit) (Protein), cream (2 tbsp) (Dairy), cheese (30g) (Dairy)",Italian,Dinner,470,"Protein: 35.2g, Carbs: 58.8g, Fat: 10.4g",None
Spinach Cannelloni,"pasta (1 unit) (Pasta), spinach (1 cup) (Vegetables), ricotta (1 unit) (Others), marinara (1 unit) (Sauces), cheese (30g) (Dairy)",Italian,Dinner,490,"Protein: 36.8g, Carbs: 61.2g, Fat: 10.9g",None
Tomato Basil Soup,"tomato (1 medium) (Vegetables), basil (5 leaves) (Herbs), cream (2 tbsp) (Dairy), garlic (2 cloves) (Spices), olive oil (1 unit) (Condiments)",Italian,Lunch,320,"Protein: 24.0g, Carbs: 40.0g, Fat: 7.1g",None
Italian Veggie Wrap,"tortilla (1 unit) (Grains), zucchini (1 whole) (Vegetables), tomato (1 medium) (Vegetables), mozzarella (40g) (Others), pesto (1 unit) (Sauces)",Italian,Lunch,390,"Protein: 29.2g, Carbs: 48.8g, Fat: 8.7g",None
Garlic Parmesan Breadsticks,"bread dough (1 unit) (Grains), garlic (2 cloves) (Spices), parmesan (20g) (Herbs), butter (1 tbsp) (Dairy)",Italian,Breakfast,280,"Protein: 21.0g, Carbs: 35.0g, Fat: 6.2g",None
Eggplant Parmesan Bake,"eggplant (1 unit) (Vegetables), marinara (1 unit) (Sauces), mozzarella (40g) (Others), parmesan (20g) (Herbs)",Italian,Dinner,460,"Protein: 34.5g, Carbs: 57.5g, Fat: 10.2g",None
Halal Meat Ravioli,"ravioli (1 unit) (Pasta), halal ground beef (1 unit) (Protein), tomato sauce (1 unit) (Sauces), cheese (30g) (Dairy)",Italian,Dinner,500,"Protein: 37.5g, Carbs: 62.5g, Fat: 11.1g",None
Italian Roasted Veggies,"zucchini (1 whole) (Vegetables), bell pepper (1 small) (Vegetables), olive oil (1 unit) (Condiments), italian herb (1 unit) (Herbs)",Italian,Dinner,270,"Protein: 20.2g, Carbs: 33.8g, Fat: 6.0g",None
Matar Pulao,"rice (100g) (Grains), green pea (1 unit) (Vegetables), onion (1 medium) (Vegetables), spice (1 tsp) (Others)",Pakistani,Lunch,410,"Protein: 30.8g, Carbs: 51.2g, Fat: 9.1g",None
Daal Tarka,"lentil (1 unit) (Protein), garlic (2 cloves) (Spices), onion (1 medium) (Vegetables), cumin (1 unit) (Spices), ghee (1 unit) (Condiments)",Pakistani,Lunch,390,"Protein: 29.2g, Carbs: 48.8g, Fat: 8.7g",Half plate boiled rice
Anda Curry,"boiled egg (1 unit) (Protein), onion (1 medium) (Vegetables), tomato (1 medium) (Vegetables), spice (1 tsp) (Others)",Pakistani,Dinner,420,"Protein: 31.5g, Carbs: 52.5g, Fat: 9.3g",1/2 Roti
Bhuna Gosht,"halal mutton (1 unit) (Protein), onion (1 medium) (Vegetables), tomato (1 medium) (Vegetables), spice (1 tsp) (Others)",Pakistani,Dinner,530,"Protein: 39.8g, Carbs: 66.2g, Fat: 11.8g",1/2 Roti
Masoor Dal Soup,"red lentil (1 unit) (Protein), garlic (2 cloves) (Spices), tomato (1 medium) (Vegetables), cumin (1 unit) (Spices)",Pakistani,Dinner,330,"Protein: 24.8g, Carbs: 41.2g, Fat: 7.3g",None
Chicken Ginger,"halal chicken (1 unit) (Protein), ginger (1 tsp) (Spices), garlic (2 cloves) (Spices), tomato (1 medium) (Vegetables), green chili (1 unit) (Spices)",Pakistani,Dinner,480,"Protein: 36.0g, Carbs: 60.0g, Fat: 10.7g",1/2 Roti
Aloo Anda,"potato (1 medium) (Vegetables), egg (1 unit) (Protein), onion (1 medium) (Vegetables), tomato (1 medium) (Vegetables), spice (1 tsp) (Others)",Pakistani,Breakfast,440,"Protein: 33.0g, Carbs: 55.0g, Fat: 9.8g",1/2 Roti
Chicken Shashlik,"halal chicken (1 unit) (Protein), bell pepper (1 small) (Vegetables), tomato (1 medium) (Vegetables), skewer (1 unit) (Others), sauce (1 unit) (Spices)",Pakistani,Dinner,450,"Protein: 33.8g, Carbs: 56.2g, Fat: 10.0g",None
Gobi Aloo,"cauliflower (1 unit) (Vegetables), potato (1 unit) (Vegetables), tomato (1 medium) (Vegetables), spice (1 tsp) (Others)",Pakistani,Lunch,390,"Protein: 29.2g, Carbs: 48.8g, Fat: 8.7g",1/2 Roti
Halal Philly Cheesesteak,"halal beef (1 unit) (Protein), bell pepper (1 small) (Vegetables), onion (1 medium) (Vegetables), cheese (30g) (Dairy), hoagie roll (1 unit) (Others)",American,Lunch,520,"Protein: 39.0g, Carbs: 65.0g, Fat: 11.6g",None
Veggie Chili,"bean (1 unit) (Legumes), tomato (1 medium) (Vegetables), onion (1 medium) (Vegetables), bell pepper (1 small) (Vegetables), spice (1 tsp) (Others)",American,Dinner,400,"Protein: 30.0g, Carbs: 50.0g, Fat: 8.9g",None
Halal Turkey Meatballs,"halal turkey (1 unit) (Protein), bread crumb (1 unit) (Grains), egg (1 large) (Protein), spice (1 tsp) (Others), marinara (1 unit) (Sauces)",American,Dinner,460,"Protein: 34.5g, Carbs: 57.5g, Fat: 10.2g",None
Roasted Veggie Bowl,"sweet potato (1 unit) (Vegetables), broccoli (1 unit) (Vegetables), chickpea (50g) (Vegetables), quinoa (1/2 cup) (Grains), olive oil (1 unit) (Condiments)",American,Lunch,380,"Protein: 28.5g, Carbs: 47.5g, Fat: 8.4g",None
Apple Cinnamon Oatmeal,"oat (1 unit) (Others), apple (1 unit) (Fruits), cinnamon (1/4 tsp) (Spices), milk (1 cup) (Dairy), honey (1 tsp) (Sugars)",American,Breakfast,320,"Protein: 24.0g, Carbs: 40.0g, Fat: 7.1g",None
Halal Chicken Nachos,"tortilla chip (1 unit) (Grains), halal chicken (1 unit) (Protein), cheese (30g) (Dairy), jalapeno (1 unit) (Spices), salsa (1 unit) (Sauces)",American,Lunch,480,"Protein: 36.0g, Carbs: 60.0g, Fat: 10.7g",None
Lentil Sliders,"lentil (1 unit) (Protein), bread crumb (1 unit) (Grains), onion (1 medium) (Vegetables), burger bun (1 unit) (Others)",American,Dinner,370,"Protein: 27.8g, Carbs: 46.2g, Fat: 8.2g",None
Halal Chicken Enchiladas,"halal chicken (1 unit) (Protein), tortilla (1 unit) (Grains), cheese (30g) (Dairy), enchilada sauce (1 unit) (Spices)",American,Dinner,510,"Protein: 38.2g, Carbs: 63.8g, Fat: 11.3g",None
Banana Smoothie,"banana (1 medium) (Fruits), milk (1 cup) (Dairy), honey (1 tsp) (Sugars), cinnamon (1/4 tsp) (Spices)",American,Breakfast,220,"Protein: 16.5g, Carbs: 27.5g, Fat: 4.9g",None
Ziti with Tomato Sauce,"ziti pasta (1 unit) (Others), tomato sauce (1 unit) (Sauces), basil (5 leaves) (Herbs), parmesan (20g) (Herbs)",Italian,Dinner,420,"Protein: 31.5g, Carbs: 52.5g, Fat: 9.3g",None
Halal Chicken Pesto Panini,"halal chicken (1 unit) (Protein), pesto (1 unit) (Sauces), tomato (1 medium) (Vegetables), cheese (30g) (Dairy), bread (1 unit) (Grains)",Italian,Lunch,480,"Protein: 36.0g, Carbs: 60.0g, Fat: 10.7g",None
Spinach and Cheese Tortellini,"tortellini (1 unit) (Pasta), spinach (1 cup) (Vegetables), ricotta (1 unit) (Others), tomato sauce (1 unit) (Sauces)",Italian,Dinner,430,"Protein: 32.2g, Carbs: 53.8g, Fat: 9.6g",None
Italian Farro Salad,"farro (1 unit) (Others), tomato (1 medium) (Vegetables), mozzarella (40g) (Others), basil (5 leaves) (Herbs), olive oil (1 unit) (Condiments)",Italian,Lunch,360,"Protein: 27.0g, Carbs: 45.0g, Fat: 8.0g",None
Halal Chicken Pizza,"pizza dough (1 unit) (Others), halal chicken (1 unit) (Protein), tomato sauce (1 unit) (Sauces), mozzarella (40g) (Others)",Italian,Dinner,540,"Protein: 40.5g, Carbs: 67.5g, Fat: 12.0g",None
Bruschetta with Cheese,"bread (1 unit) (Grains), tomato (1 medium) (Vegetables), cheese (30g) (Dairy), basil (5 leaves) (Herbs), olive oil (1 unit) (Condiments)",Italian,Breakfast,300,"Protein: 22.5g, Carbs: 37.5g, Fat: 6.7g",None
Vegetable Polenta Bake,"polenta (1 unit) (Others), zucchini (1 whole) (Vegetables), bell pepper (1 small) (Vegetables), cheese (30g) (Dairy), tomato sauce (1 unit) (Sauces)",Italian,Dinner,390,"Protein: 29.2g, Carbs: 48.8g, Fat: 8.7g",None
Italian Lentil Soup,"lentil (1 unit) (Protein), carrot (1 small) (Vegetables), celery (1 unit) (Vegetables), garlic (2 cloves) (Spices), tomato (1 medium) (Vegetables)",Italian,Lunch,350,"Protein: 26.2g, Carbs: 43.8g, Fat: 7.8g",None
Herbed Garlic Pasta,"pasta (1 unit) (Pasta), garlic (2 cloves) (Spices), olive oil (1 unit) (Condiments), herb (1 unit) (Others), parmesan (20g) (Herbs)",Italian,Dinner,400,"Protein: 30.0g, Carbs: 50.0g, Fat: 8.9g",None
Basil Cream Gnocchi,"gnocchi (1 unit) (Pasta), basil (5 leaves) (Herbs), cream (2 tbsp) (Dairy), garlic (2 cloves) (Spices), parmesan (20g) (Herbs)",Italian,Dinner,460,"Protein: 34.5g, Carbs: 57.5g, Fat: 10.2g",None
Chicken White Karahi,"halal chicken (1 unit) (Protein), cream (2 tbsp) (Dairy), green chili (1 unit) (Spices), spice (1 tsp) (Others)",Pakistani,Dinner,520,"Protein: 39.0g, Carbs: 65.0g, Fat: 11.6g",1/2 Roti
Chana Dal Fry,"split chickpea (1 unit) (Vegetables), tomato (1 medium) (Vegetables), garlic (2 cloves) (Spices), onion (1 medium) (Vegetables), spice (1 tsp) (Others)",Pakistani,Lunch,400,"Protein: 30.0g, Carbs: 50.0g, Fat: 8.9g",1/2 Roti
Chicken Malai Boti,"halal chicken (1 unit) (Protein), cream (2 tbsp) (Dairy), cheese (30g) (Dairy), garlic (2 cloves) (Spices), spice (1 tsp) (Others)",Pakistani,Lunch,470,"Protein: 35.2g, Carbs: 58.8g, Fat: 10.4g",1/2 Roti
Chicken Malai Boti,"halal chicken (1 unit) (Protein), cream (2 tbsp) (Dairy), cheese (30g) (Dairy), garlic (2 cloves) (Spices), spice (1 tsp) (Others)",Pakistani,Dinner,470,"Protein: 35.2g, Carbs: 58.8g, Fat: 10.4g",1/2 Roti
Bhindi Aloo,"okra (8 pieces) (Others), potato (1 unit) (Vegetables), tomato (1 medium) (Vegetables), spice (1 tsp) (Others), onion (1 medium) (Vegetables)",Pakistani,Lunch,390,"Protein: 29.2g, Carbs: 48.8g, Fat: 8.7g",1/2 Roti
Chicken Tikka Wrap,"halal chicken (1 unit) (Protein), tortilla (1 unit) (Grains), lettuce (2 leaves) (Others), sauce (1 unit) (Spices)",Pakistani,Dinner,430,"Protein: 32.2g, Carbs: 53.8g, Fat: 9.6g",None
Chicken Tikka Wrap,"halal chicken (1 unit) (Protein), tortilla (1 unit) (Grains), lettuce (2 leaves) (Others), sauce (1 unit) (Spices)",Pakistani,Lunch,430,"Protein: 32.2g, Carbs: 53.8g, Fat: 9.6g",None
Gosht Palak,"halal mutton (1 unit) (Protein), spinach (1 cup) (Vegetables), onion (1 medium) (Vegetables), spice (1 tsp) (Others)",Pakistani,Dinner,500,"Protein: 37.5g, Carbs: 62.5g, Fat: 11.1g",1/2 Roti
Moong Dal,"yellow lentil (1 unit) (Protein), onion (1 medium) (Vegetables), tomato (1 medium) (Vegetables), spice (1 tsp) (Others)",Pakistani,Lunch,380,"Protein: 28.5g, Carbs: 47.5g, Fat: 8.4g",1/2 Roti
Chicken Pulao,"halal chicken (1 unit) (Protein), rice (100g) (Grains), onion (1 medium) (Vegetables), spice (1 tsp) (Others)",Pakistani,Lunch,480,"Protein: 36.0g, Carbs: 60.0g, Fat: 10.7g",None
Kachri Raita,"yogurt (2 tbsp) (Dairy), cucumber (1 unit) (Vegetables), cumin (1 unit) (Spices), salt (1/2 tsp) (Spices)",Pakistani,Lunch,150,"Protein: 11.2g, Carbs: 18.8g, Fat: 3.3g",None
Halal BBQ Chicken Salad,"halal chicken (1 unit) (Protein), lettuce (2 leaves) (Others), corn (1 unit) (Vegetables), bbq sauce (1 unit) (Sauces), tomato (1 medium) (Vegetables)",American,Lunch,410,"Protein: 30.8g, Carbs: 51.2g, Fat: 9.1g",None
Halal BBQ Chicken Salad,"halal chicken (1 unit) (Protein), lettuce (2 leaves) (Others), corn (1 unit) (Vegetables), bbq sauce (1 unit) (Sauces), tomato (1 medium) (Vegetables)",American,Dinner,410,"Protein: 30.8g, Carbs: 51.2g, Fat: 9.1g",None
Avocado Chicken Wrap,"halal chicken (1 unit) (Protein), avocado (1 unit) (Fruits), tortilla (1 unit) (Grains), lettuce (2 leaves) (Others)",American,Lunch,440,"Protein: 33.0g, Carbs: 55.0g, Fat: 9.8g",None
Lentil Veggie Burger,"lentil (1 unit) (Protein), carrot (1 small) (Vegetables), onion (1 medium) (Vegetables), bun (1 unit) (Others), lettuce (2 leaves) (Others)",American,Dinner,400,"Protein: 30.0g, Carbs: 50.0g, Fat: 8.9g",None
Halal Chicken Burrito Bowl,"halal chicken (1 unit) (Protein), rice (100g) (Grains), bean (1 unit) (Legumes), salsa (1 unit) (Sauces), guacamole (1 unit) (Others)",American,Lunch,510,"Protein: 38.2g, Carbs: 63.8g, Fat: 11.3g",None
Veggie Omelette,"egg (1 unit) (Protein), onion (1 medium) (Vegetables), bell pepper (1 small) (Vegetables), spinach (1 cup) (Vegetables), cheese (30g) (Dairy)",American,Breakfast,320,"Protein: 24.0g, Carbs: 40.0g, Fat: 7.1g",Paratha
Peanut Butter Banana Toast,"bread (1 unit) (Grains), peanut butter (1 unit) (Dairy), banana (1 medium) (Fruits), honey (1 tsp) (Sugars)",American,Breakfast,280,"Protein: 21.0g, Carbs: 35.0g, Fat: 6.2g",None
Corn Chowder,"corn (1 unit) (Vegetables), potato (1 unit) (Vegetables), milk (1 cup) (Dairy), onion (1 medium) (Vegetables), spice (1 tsp) (Others)",American,Lunch,350,"Protein: 26.2g, Carbs: 43.8g, Fat: 7.8g",None
Veggie Fried Rice,"rice (100g) (Grains), egg (1 large) (Protein), carrot (1 small) (Vegetables), pea (1 unit) (Vegetables), soy sauce (1 tbsp) (Sauces)",American,Dinner,430,"Protein: 32.2g, Carbs: 53.8g, Fat: 9.6g",None
Halal Chicken Sliders,"mini bun (1 unit) (Others), halal chicken (1 unit) (Protein), pickle (1 unit) (Vegetables), lettuce (2 leaves) (Others)",American,Lunch,370,"Protein: 27.8g, Carbs: 46.2g, Fat: 8.2g",None
Halal Chicken Sliders,"mini bun (1 unit) (Others), halal chicken (1 unit) (Protein), pickle (1 unit) (Vegetables), lettuce (2 leaves) (Others)",American,Dinner,370,"Protein: 27.8g, Carbs: 46.2g, Fat: 8.2g",None
Oatmeal with Berries,"oat (1 unit) (Others), milk (1 cup) (Dairy), blueberry (5 pcs) (Fruits), honey (1 tsp) (Sugars)",American,Breakfast,310,"Protein: 23.2g, Carbs: 38.8g, Fat: 6.9g",None
Turkey Lettuce Wraps,"halal turkey (1 unit) (Protein), lettuce (2 leaves) (Others), carrot (1 small) (Vegetables), soy sauce (1 tbsp) (Sauces)",American,Lunch,350,"Protein: 26.2g, Carbs: 43.8g, Fat: 7.8g",None
Chickpea Salad Sandwich,"chickpea (50g) (Vegetables), mayo (1 unit) (Sauces), bread (1 unit) (Grains), onion (1 medium) (Vegetables)",American,Lunch,390,"Protein: 29.2g, Carbs: 48.8g, Fat: 8.7g",None
Tofu Stir Fry,"tofu (100g) (Protein), broccoli (1 unit) (Vegetables), bell pepper (1 small) (Vegetables), soy sauce (1 tbsp) (Sauces)",American,Dinner,420,"Protein: 31.5g, Carbs: 52.5g, Fat: 9.3g",None
Margherita Pizza,"pizza dough (1 unit) (Others), tomato sauce (1 unit) (Sauces), mozzarella (40g) (Others), basil (5 leaves) (Herbs)",Italian,Dinner,500,"Protein: 37.5g, Carbs: 62.5g, Fat: 11.1g",None
Halal Chicken Lasagna,"lasagna noodle (1 unit) (Others), halal chicken (1 unit) (Protein), cheese (30g) (Dairy), tomato sauce (1 unit) (Sauces)",Italian,Dinner,550,"Protein: 41.2g, Carbs: 68.8g, Fat: 12.2g",None
Vegetable Gnocchi,"gnocchi (1 unit) (Pasta), zucchini (1 whole) (Vegetables), tomato (1 medium) (Vegetables), basil (5 leaves) (Herbs), cheese (30g) (Dairy)",Italian,Dinner,450,"Protein: 33.8g, Carbs: 56.2g, Fat: 10.0g",None
Cheese and Herb Calzone,"dough (1 unit) (Others), mozzarella (40g) (Others), herb (1 unit) (Others), tomato sauce (1 unit) (Sauces)",Italian,Dinner,480,"Protein: 36.0g, Carbs: 60.0g, Fat: 10.7g",None
Vegetable Frittata,"egg (1 unit) (Protein), onion (1 medium) (Vegetables), bell pepper (1 small) (Vegetables), spinach (1 cup) (Vegetables), cheese (30g) (Dairy)",Italian,Breakfast,370,"Protein: 27.8g, Carbs: 46.2g, Fat: 8.2g",None
Eggplant Parmesan,"eggplant (1 unit) (Vegetables), cheese (30g) (Dairy), tomato sauce (1 unit) (Sauces), breadcrumb (1 unit) (Grains)",Italian,Dinner,460,"Protein: 34.5g, Carbs: 57.5g, Fat: 10.2g",None
Garlic Parmesan Zoodles,"zucchini (1 whole) (Vegetables), garlic (2 cloves) (Spices), parmesan (20g) (Herbs), olive oil (1 unit) (Condiments)",Italian,Dinner,310,"Protein: 23.2g, Carbs: 38.8g, Fat: 6.9g",None
Spinach Alfredo Pasta,"pasta (1 unit) (Pasta), spinach (1 cup) (Vegetables), alfredo sauce (1 unit) (Sauces), cheese (30g) (Dairy)",Italian,Dinner,480,"Protein: 36.0g, Carbs: 60.0g, Fat: 10.7g",None
Tomato Basil Soup,"tomato (1 medium) (Vegetables), basil (5 leaves) (Herbs), onion (1 medium) (Vegetables), garlic (2 cloves) (Spices), cream (2 tbsp) (Dairy)",Italian,Lunch,280,"Protein: 21.0g, Carbs: 35.0g, Fat: 6.2g",None
Halal Chicken Ravioli,"ravioli (1 unit) (Pasta), halal chicken (1 unit) (Protein), cheese (30g) (Dairy), tomato sauce (1 unit) (Sauces)",Italian,Dinner,470,"Protein: 35.2g, Carbs: 58.8g, Fat: 10.4g",None
Roasted Veggie Bruschetta,"bread (1 unit) (Grains), zucchini (1 whole) (Vegetables), tomato (1 medium) (Vegetables), basil (5 leaves) (Herbs), olive oil (1 unit) (Condiments)",Italian,Dinner,290,"Protein: 21.8g, Carbs: 36.2g, Fat: 6.4g",None
Halal Sausage Pasta,"pasta (1 unit) (Pasta), halal chicken sausage (1 unit) (Protein), tomato sauce (1 unit) (Sauces)",Italian,Dinner,530,"Protein: 39.8g, Carbs: 66.2g, Fat: 11.8g",None
Khichdi,"rice (100g) (Grains), moong dal (1 unit) (Others), ghee (1 unit) (Condiments), spice (1 tsp) (Others)",Pakistani,Lunch,420,"Protein: 31.5g, Carbs: 52.5g, Fat: 9.3g",None
Aloo Baingan,"potato (1 unit) (Vegetables), eggplant (1 unit) (Vegetables), tomato (1 medium) (Vegetables), spice (1 tsp) (Others)",Pakistani,Lunch,360,"Protein: 27.0g, Carbs: 45.0g, Fat: 8.0g",1/2 Roti
Anda Curry,"boiled egg (1 unit) (Protein), tomato (1 medium) (Vegetables), onion (1 medium) (Vegetables), spice (1 tsp) (Others)",Pakistani,Dinner,400,"Protein: 30.0g, Carbs: 50.0g, Fat: 8.9g",1/2 Roti
Mixed Vegetable Curry,"carrot (1 small) (Vegetables), pea (1 unit) (Vegetables), potato (1 unit) (Vegetables), tomato (1 medium) (Vegetables), spice (1 tsp) (Others)",Pakistani,Lunch,380,"Protein: 28.5g, Carbs: 47.5g, Fat: 8.4g",1/2 Roti
Daal Makhni,"black lentil (1 unit) (Protein), butter (1 tbsp) (Dairy), cream (2 tbsp) (Dairy), spice (1 tsp) (Others)",Pakistani,Dinner,470,"Protein: 35.2g, Carbs: 58.8g, Fat: 10.4g",1/2 Roti
Paya,"goat trotter (1 unit) (Protein), onion (1 medium) (Vegetables), garlic (2 cloves) (Spices), spice (1 tsp) (Others)",Pakistani,Breakfast,550,"Protein: 41.2g, Carbs: 68.8g, Fat: 12.2g",None
Chicken Qeema,"halal chicken mince (1 unit) (Protein), tomato (1 medium) (Vegetables), onion (1 medium) (Vegetables), spice (1 tsp) (Others)",Pakistani,Lunch,430,"Protein: 32.2g, Carbs: 53.8g, Fat: 9.6g",1/2 Roti
Oats and Banana Porridge,"oat (1 unit) (Others), banana (1 medium) (Fruits), milk (1 cup) (Dairy), honey (1 tsp) (Sugars), cinnamon (1/4 tsp) (Spices)",International,Breakfast,320,"Protein: 24.0g, Carbs: 40.0g, Fat: 7.1g",None
Masala Omelette,"egg (1 unit) (Protein), onion (1 medium) (Vegetables), tomato (1 medium) (Vegetables), green chili (1 unit) (Spices), spice (1 tsp) (Others), oil (1 tbsp) (Spices)",Pakistani,Breakfast,250,"Protein: 18.8g, Carbs: 31.2g, Fat: 5.6g",Paratha
Greek Yogurt with Berries,"greek yogurt (1 unit) (Protein), mixed berrie (1 unit) (Fruits), honey (1 tsp) (Sugars), nut (1 unit) (Others)",International,Breakfast,280,"Protein: 21.0g, Carbs: 35.0g, Fat: 6.2g",None
Besan Chilla,"gram flour (1 unit) (Grains), onion (1 medium) (Vegetables), tomato (1 medium) (Vegetables), spice (1 tsp) (Others), coriander (1 unit) (Spices), water (1/2 cup) (Others)",Indian,Breakfast,270,"Protein: 20.2g, Carbs: 33.8g, Fat: 6.0g",None
Peanut Butter Toast,"bread (1 unit) (Grains), peanut butter (1 unit) (Dairy), banana slice (1 unit) (Fruits)",International,Breakfast,310,"Protein: 23.2g, Carbs: 38.8g, Fat: 6.9g",None
Paratha Roll with Egg,"paratha (1 unit) (Grains), egg (1 large) (Protein), onion (1 medium) (Vegetables), tomato (1 medium) (Vegetables), spice (1 tsp) (Others)",Pakistani,Breakfast,400,"Protein: 30.0g, Carbs: 50.0g, Fat: 8.9g",None
Smoothie Bowl,"banana (1 medium) (Fruits), berry (1 unit) (Fruits), yogurt (2 tbsp) (Dairy), oat (1 unit) (Others), chia seed (1 unit) (Grains)",International,Breakfast,350,"Protein: 26.2g, Carbs: 43.8g, Fat: 7.8g",None
Toast with Avocado and Egg,"bread (1 unit) (Grains), avocado (1 unit) (Fruits), egg (1 large) (Protein), salt (1/2 tsp) (Spices), pepper (1 unit) (Spices)",International,Breakfast,330,"Protein: 24.8g, Carbs: 41.2g, Fat: 7.3g",None
Milk with Cornflakes and Fruit,"cornflake (1 unit) (Others), milk (1 cup) (Dairy), apple (1 unit) (Fruits), banana (1 medium) (Fruits)",International,Breakfast,290,"Protein: 21.8g, Carbs: 36.2g, Fat: 6.4g",None
